,country_name,recognition_year,noc_webpage,noc_image
0,Afghanistan,1936,https://olympics.com/ioc/afghanistan,https://img.olympics.com/images/image/private/t_fit_130x72/f_auto/primary/x8h3va2rlkgiruntoe0o
1,Albania,1959,https://olympics.com/ioc/albania,https://img.olympics.com/images/image/private/t_fit_130x72/f_auto/primary/biagbhltybry4bgbmtm5
2,Cabo Verde,1993,https://olympics.com/ioc/cabo-verde,https://img.olympics.com/images/image/private/t_fit_130x72/f_auto/primary/jkniq47thpu6plvnctfn
3,Cambodia,1995,https://olympics.com/ioc/cambodia,https://img.olympics.com/images/image/private/t_fit_130x72/f_auto/primary/ju7ezumfxxflqyak6yzw
4,Cameroon,1963,https://olympics.com/ioc/cameroon,https://img.olympics.com/images/image/private/t_fit_130x72/f_auto/primary/daufe30sdotxj0bjidsq
5,Canada,1907,https://olympics.com/ioc/canada,https://img.olympics.com/images/image/private/t_fit_130x72/f_auto/primary/v9k7uza40vse6tskzrdo
6,Cayman Islands,1976,https://olympics.com/ioc/cayman-islands,https://img.olympics.com/images/image/private/t_fit_130x72/f_auto/primary/dko7ucgaqthrsbndiqu1
7,Central African Republic,1965,https://olympics.com/ioc/central-african-republic,https://img.olympics.com/images/image/private/t_fit_130x72/f_auto/primary/s3lncauej6h0uhqhq13r
8,Chad,1964,https://olympics.com/ioc/chad,https://img.olympics.com/images/image/private/t_fit_130x72/f_auto/primary/lppntjjwkhgau5vnec6b
9,Chile,1934,https://olympics.com/ioc/chile,https://img.olympics.com/images/image/private/t_fit_130x72/f_auto/primary/ybdzgpqzndn7c9y4nsuh
10,Taiwan,1960,https://olympics.com/ioc/chinese-taipei,https://img.olympics.com/images/image/private/t_fit_130x72/f_auto/primary/bywasymkbeuy7ft1kdim
11,Colombia,1948,https://olympics.com/ioc/colombia,https://img.olympics.com/images/image/private/t_fit_130x72/f_auto/primary/jynk6eba9n4v4rovqurj
12,Comoros,1993,https://olympics.com/ioc/comoros,https://img.olympics.com/images/image/private/t_fit_130x72/f_auto/primary/pioacubxokjcwyrdidmy
13,Cook Islands,1986,https://olympics.com/ioc/cook-islands,https://img.olympics.com/images/image/private/t_fit_130x72/f_auto/primary/magbw6eo9c057sie0oev
14,Côte d'Ivoire,1963,https://olympics.com/ioc/cote-d-ivoire,https://img.olympics.com/images/image/private/t_fit_130x72/f_auto/primary/fbbjuys4b1at0bpg9m4c
15,Croatia,1993,https://olympics.com/ioc/croatia,https://img.olympics.com/images/image/private/t_fit_130x72/f_auto/primary/wndg0yjfya3maerww3xl
16,Cuba,1955,https://olympics.com/ioc/cuba,https://img.olympics.com/images/image/private/t_fit_130x72/f_auto/primary/sm4vxxqqfjx5pxotitzr
17,Cyprus,1978,https://olympics.com/ioc/cyprus,https://img.olympics.com/images/image/private/t_fit_130x72/f_auto/primary/kmcyan7n0r9gd5wqx3a3
18,Czechia,1993,https://olympics.com/ioc/czechia,https://img.olympics.com/images/image/private/t_fit_130x72/f_auto/primary/z6zahcbpkivcck1qqdmr
19,Democratic People's Republic of Korea,1957,https://olympics.com/ioc/democratic-people-s-republic-of-korea,https://img.olympics.com/images/image/private/t_fit_130x72/f_auto/primary/h1pd9ub9qzb6bovi2mmk
20,Democratic Republic of the Congo,1968,https://olympics.com/ioc/democratic-republic-of-the-congo,https://img.olympics.com/images/image/private/t_fit_130x72/f_auto/primary/npac7o2bpjiwq0dqdzgx
21,Denmark,1905,https://olympics.com/ioc/denmark,https://img.olympics.com/images/image/private/t_fit_130x72/f_auto/primary/r9ruvolyaryvztumu8s2
22,Djibouti,1984,https://olympics.com/ioc/djibouti,https://img.olympics.com/images/image/private/t_fit_130x72/f_auto/primary/janmmku2swdy0bxgrtcc
23,Dominica,1993,https://olympics.com/ioc/dominica,https://img.olympics.com/images/image/private/t_fit_130x72/f_auto/primary/pcbwfaivi0nztoqager7
24,Dominican Republic,1954,https://olympics.com/ioc/dominican-republic,https://img.olympics.com/images/image/private/t_fit_130x72/f_auto/primary/ctd3s6xozwrtuocgoh96
25,Ecuador,1959,https://olympics.com/ioc/ecuador,https://img.olympics.com/images/image/private/t_fit_130x72/f_auto/primary/krtlfb0np5cqgysckheq
26,Egypt,1910,https://olympics.com/ioc/egypt,https://img.olympics.com/images/image/private/t_fit_130x72/f_auto/primary/aifesyyjzi7wktq4et0e
27,El Salvador,1938,https://olympics.com/ioc/el-salvador,https://img.olympics.com/images/image/private/t_fit_130x72/f_auto/primary/cmjrxqkzofqv4giy2gmz
28,Equatorial Guinea,1984,https://olympics.com/ioc/equatorial-guinea,https://img.olympics.com/images/image/private/t_fit_130x72/f_auto/primary/l5pxy7i7qbtvogkyyr0u
29,Eritrea,1999,https://olympics.com/ioc/eritrea,https://img.olympics.com/images/image/private/t_fit_130x72/f_auto/primary/wxp21dnd6l2g2n5rklyl
30,Estonia,1991,https://olympics.com/ioc/estonia,https://img.olympics.com/images/image/private/t_fit_130x72/f_auto/primary/s4h0armpt2ybzjyx5yon
31,Eswatini,1972,https://olympics.com/ioc/eswatini,https://img.olympics.com/images/image/private/t_fit_130x72/f_auto/primary/y3ivgfxw4b9mffm3rcnf
32,Ethiopia,1954,https://olympics.com/ioc/ethiopia,https://img.olympics.com/images/image/private/t_fit_130x72/f_auto/primary/ahgaxiaekeypeliriovq
33,Federated States of Micronesia,1997,https://olympics.com/ioc/federated-states-of-micronesia,https://img.olympics.com/images/image/private/t_fit_130x72/f_auto/primary/tcjsd0hrf46itfhmgoew
34,Fiji,1955,https://olympics.com/ioc/fiji,https://img.olympics.com/images/image/private/t_fit_130x72/f_auto/primary/tbjyplxk5ynvkmnmvkqi
35,Finland,1907,https://olympics.com/ioc/finland,https://img.olympics.com/images/image/private/t_fit_130x72/f_auto/primary/fvmhnyaqa60csjd5yjny
36,France,1894,https://olympics.com/ioc/france,https://img.olympics.com/images/image/private/t_fit_130x72/f_auto/primary/zsrs51m0geu7sh7opwr6
37,Gabon,1968,https://olympics.com/ioc/gabon,https://img.olympics.com/images/image/private/t_fit_130x72/f_auto/primary/exzk01jx9394g4bvds9h
38,Gambia,1976,https://olympics.com/ioc/gambia,https://img.olympics.com/images/image/private/t_fit_130x72/f_auto/primary/gdw5sl0lnhamfeqgqbs6
39,Georgia,1993,https://olympics.com/ioc/georgia,https://img.olympics.com/images/image/private/t_fit_130x72/f_auto/primary/zbum77c2qodjpb5anuto
40,Germany,1895,https://olympics.com/ioc/germany,https://img.olympics.com/images/image/private/t_fit_130x72/f_auto/primary/p3uizd3ayxrevhbsxbsl
41,Costa Rica,1936,https://olympics.com/ioc/costa-rica,https://img.olympics.com/images/image/private/t_fit_130x72/f_auto/primary/mooc5brltoyehp4zgsqv
42,Ghana,1951,https://olympics.com/ioc/ghana,https://img.olympics.com/images/image/private/t_fit_130x72/f_auto/primary/vtr86wpmb8qgyyacoy8g
43,Greece,1895,https://olympics.com/ioc/greece,https://img.olympics.com/images/image/private/t_fit_130x72/f_auto/primary/y9goalzsxgqldeobem1x
44,Grenada,1984,https://olympics.com/ioc/grenada,https://img.olympics.com/images/image/private/t_fit_130x72/f_auto/primary/wr0zitdfqemu29jl8iwu
45,Guam,1986,https://olympics.com/ioc/guam,https://img.olympics.com/images/image/private/t_fit_130x72/f_auto/primary/zehlrcuig7ibpfoecoro
46,Guatemala,1947,https://olympics.com/ioc/guatemala,https://img.olympics.com/images/image/private/t_fit_130x72/f_auto/primary/m346g1bugscheey369oq
47,Guinea,1965,https://olympics.com/ioc/guinea,https://img.olympics.com/images/image/private/t_fit_130x72/f_auto/primary/vxgqk9rvxkye6u9i70xz
48,Guinea-Bissau,1995,https://olympics.com/ioc/guinea-bissau,https://img.olympics.com/images/image/private/t_fit_130x72/f_auto/primary/coqvdfa4ftoziarueyqc
49,Guyana,1948,https://olympics.com/ioc/guyana,https://img.olympics.com/images/image/private/t_fit_130x72/f_auto/primary/jj3r7is3iokahyxlo280
50,Haiti,1924,https://olympics.com/ioc/haiti,https://img.olympics.com/images/image/private/t_fit_130x72/f_auto/primary/rivahcumhjovh7mgfdda
51,Honduras,1956,https://olympics.com/ioc/honduras,https://img.olympics.com/images/image/private/t_fit_130x72/f_auto/primary/x3m2fh6szjvgzeetlzfe
52,"Hong-Kong, China",1951,https://olympics.com/ioc/hong-kong-china,https://img.olympics.com/images/image/private/t_fit_130x72/f_auto/primary/ixtlizdxn5phemmy3ud2
53,Hungary,1895,https://olympics.com/ioc/hungary,https://img.olympics.com/images/image/private/t_fit_130x72/f_auto/primary/cqvdkfxhhpr2lc7wfu2r
54,Iceland,1935,https://olympics.com/ioc/iceland,https://img.olympics.com/images/image/private/t_fit_130x72/f_auto/primary/sqei67x9ogq8q81x9yiq
55,India,1927,https://olympics.com/ioc/india,https://img.olympics.com/images/image/private/t_fit_130x72/f_auto/v1700145131/primary/dhfup67upct2lwyuud2t
56,Indonesia,1952,https://olympics.com/ioc/indonesia,https://img.olympics.com/images/image/private/t_fit_130x72/f_auto/primary/ablszutwxt7valcnjzgl
57,Iraq,1948,https://olympics.com/ioc/iraq,https://img.olympics.com/images/image/private/t_fit_130x72/f_auto/primary/m43hzzhpjczfered5agr
58,Ireland,1922,https://olympics.com/ioc/ireland,https://img.olympics.com/images/image/private/t_fit_130x72/f_auto/primary/vcgbo90fkb5p0pzu1sbw
59,Islamic Republic of Iran,1947,https://olympics.com/ioc/islamic-republic-of-iran,https://img.olympics.com/images/image/private/t_fit_130x72/f_auto/primary/qaagsxid3ammfcar2bsl
60,Israel,1952,https://olympics.com/ioc/israel,https://img.olympics.com/images/image/private/t_fit_130x72/f_auto/primary/nsdqibkzgkmwxrwfkiy2
61,Italy,1915,https://olympics.com/ioc/italy,https://img.olympics.com/images/image/private/t_fit_130x72/f_auto/primary/dzd1gn487wxunq8sfdiq
62,Jamaica,1936,https://olympics.com/ioc/jamaica,https://img.olympics.com/images/image/private/t_fit_130x72/f_auto/primary/am94mrugekdh6hdk4dcd
63,Japan,1912,https://olympics.com/ioc/japan,https://img.olympics.com/images/image/private/t_fit_130x72/f_auto/primary/nl5rrlxmfqtl47xicepx
64,Jordan,1963,https://olympics.com/ioc/jordan,https://img.olympics.com/images/image/private/t_fit_130x72/f_auto/primary/qxgqv6rwal7rgq2mlggx
65,Kazakhstan,1993,https://olympics.com/ioc/kazakhstan,https://img.olympics.com/images/image/private/t_fit_130x72/f_auto/primary/luixfewaoeavids4qass
66,Kenya,1955,https://olympics.com/ioc/kenya,https://img.olympics.com/images/image/private/t_fit_130x72/f_auto/primary/u5xvfbrdwtf2jjsry7yg
67,Kiribati,2003,https://olympics.com/ioc/kiribati,https://img.olympics.com/images/image/private/t_fit_130x72/f_auto/primary/wdfyzu7vt6mi2oqzxdsv
68,Kosovo,2014,https://olympics.com/ioc/kosovo,https://img.olympics.com/images/image/private/t_fit_130x72/f_auto/primary/guyvdym92vnqpqvr1tgt
69,Kuwait,1966,https://olympics.com/ioc/kuwait,https://img.olympics.com/images/image/private/t_fit_130x72/f_auto/primary/fm4l75m0fou5smslrmka
70,Kyrgyzstan,1993,https://olympics.com/ioc/kyrgyzstan,https://img.olympics.com/images/image/private/t_fit_130x72/f_auto/primary/ebrtxoxjr6iopmauupyw
71,Lao People's Democratic Republic,1979,https://olympics.com/ioc/lao-people-s-democratic-republic,https://img.olympics.com/images/image/private/t_fit_130x72/f_auto/primary/khzbfezvaj14aajh5h0a
72,Latvia,1991,https://olympics.com/ioc/latvia,https://img.olympics.com/images/image/private/t_fit_130x72/f_auto/primary/zuesdimsbvdmzms0oyzm
73,Lebanon,1948,https://olympics.com/ioc/lebanon,https://img.olympics.com/images/image/private/t_fit_130x72/f_auto/primary/qbusycw6apd44mafdiy1
74,Lesotho,1972,https://olympics.com/ioc/lesotho,https://img.olympics.com/images/image/private/t_fit_130x72/f_auto/primary/dcxd1roa6jhmvebuvop1
75,Liberia,1955,https://olympics.com/ioc/liberia,https://img.olympics.com/images/image/private/t_fit_130x72/f_auto/primary/mtiyx9yx2aplo9n22gua
76,Libya,1963,https://olympics.com/ioc/libya,https://img.olympics.com/images/image/private/t_fit_130x72/f_auto/primary/uzhzoc7u8t2ylkqldh3o
77,Liechtenstein,1935,https://olympics.com/ioc/liechtenstein,https://img.olympics.com/images/image/private/t_fit_130x72/f_auto/primary/dd5pomb4v8iydjseycp3
78,Lithuania,1991,https://olympics.com/ioc/lithuania,https://img.olympics.com/images/image/private/t_fit_130x72/f_auto/primary/maacne1753lsh5zzpnyb
79,Luxembourg,1912,https://olympics.com/ioc/luxembourg,https://img.olympics.com/images/image/private/t_fit_130x72/f_auto/primary/lgsyb1i7f9shdns75zyv
80,Madagascar,1964,https://olympics.com/ioc/madagascar,https://img.olympics.com/images/image/private/t_fit_130x72/f_auto/primary/quruzogg7ztxh0gc5adk
81,Malawi,1968,https://olympics.com/ioc/malawi,https://img.olympics.com/images/image/private/t_fit_130x72/f_auto/primary/copgszeyysetg6dth3nb
82,Malaysia,1954,https://olympics.com/ioc/malaysia,https://img.olympics.com/images/image/private/t_fit_130x72/f_auto/primary/zfl9fhehmgeraawskzeu
83,Maldives,1985,https://olympics.com/ioc/maldives,https://img.olympics.com/images/image/private/t_fit_130x72/f_auto/primary/lutiaosbfinb4fwxuwp4
84,Mali,1963,https://olympics.com/ioc/mali,https://img.olympics.com/images/image/private/t_fit_130x72/f_auto/primary/facyqncsjyb2qg69n57g
85,Malta,1936,https://olympics.com/ioc/malta,https://img.olympics.com/images/image/private/t_fit_130x72/f_auto/primary/cv2f9kp0xtiizqpnaki4
86,Marshall Islands,2006,https://olympics.com/ioc/marshall-islands,https://img.olympics.com/images/image/private/t_fit_130x72/f_auto/primary/g13ykdnismer3vwtlr6b
87,Mauritania,1979,https://olympics.com/ioc/mauritania,https://img.olympics.com/images/image/private/t_fit_130x72/f_auto/primary/ub0g7pwblw6ejet3ysas
88,Mauritius,1972,https://olympics.com/ioc/mauritius,https://img.olympics.com/images/image/private/t_fit_130x72/f_auto/primary/dn43r23lpyjvrv1khpm3
89,Mexico,1923,https://olympics.com/ioc/mexico,https://img.olympics.com/images/image/private/t_fit_130x72/f_auto/primary/xtd777nomtipejpdfjlp
90,Monaco,1953,https://olympics.com/ioc/monaco,https://img.olympics.com/images/image/private/t_fit_130x72/f_auto/primary/z98ia4ftoeq437pgt4vd
91,Mongolia,1962,https://olympics.com/ioc/mongolia,https://img.olympics.com/images/image/private/t_fit_130x72/f_auto/primary/zfj8z7f5wco67mqcpyjp
92,Montenegro,2007,https://olympics.com/ioc/montenegro,https://img.olympics.com/images/image/private/t_fit_130x72/f_auto/primary/sjakx8sz0bkovfur2c9v
93,Morocco,1959,https://olympics.com/ioc/morocco,https://img.olympics.com/images/image/private/t_fit_130x72/f_auto/primary/kxnnfpwyjw3h63kbgbpx
94,Mozambique,1979,https://olympics.com/ioc/mozambique,https://img.olympics.com/images/image/private/t_fit_130x72/f_auto/primary/tebhv6ig0quwmw6ewzf7
95,Myanmar,1947,https://olympics.com/ioc/myanmar,https://img.olympics.com/images/image/private/t_fit_130x72/f_auto/primary/arkj0nuzl1vi33wjnhig
96,Namibia,1991,https://olympics.com/ioc/namibia,https://img.olympics.com/images/image/private/t_fit_130x72/f_auto/primary/vehzxjc6apmyvbc0myb4
97,Nauru,1994,https://olympics.com/ioc/nauru,https://img.olympics.com/images/image/private/t_fit_130x72/f_auto/primary/hwsfiaf5ccuwzonzshtv
98,Nepal,1963,https://olympics.com/ioc/nepal,https://img.olympics.com/images/image/private/t_fit_130x72/f_auto/primary/xeotamaepmnwjcqz0cia
99,Netherlands,1912,https://olympics.com/ioc/netherlands,https://img.olympics.com/images/image/private/t_fit_130x72/f_auto/primary/guwpfmmwsvlla5mtlgk4
100,Niger,1964,https://olympics.com/ioc/niger,https://img.olympics.com/images/image/private/t_fit_130x72/f_auto/primary/rmtmivenngsav7j6ywjf
101,Nigeria,1951,https://olympics.com/ioc/nigeria,https://img.olympics.com/images/image/private/t_fit_130x72/f_auto/primary/n8blxdewazzpf3lgw2li
102,North Macedonia,1993,https://olympics.com/ioc/north-macedonia,https://img.olympics.com/images/image/private/t_fit_130x72/f_auto/primary/ibhtkvrdr9bsvutminax
103,Norway,1900,https://olympics.com/ioc/norway,https://img.olympics.com/images/image/private/t_fit_130x72/f_auto/primary/blkziphejlh7taa49thm
104,Oman,1982,https://olympics.com/ioc/oman,https://img.olympics.com/images/image/private/t_fit_130x72/f_auto/primary/opbxa0ouduh5cgieofdp
105,Pakistan,1948,https://olympics.com/ioc/pakistan,https://img.olympics.com/images/image/private/t_fit_130x72/f_auto/primary/agnlifcvfmwxrliwcbs8
106,Palau,1999,https://olympics.com/ioc/palau,https://img.olympics.com/images/image/private/t_fit_130x72/f_auto/primary/ly4qxhy3sggvgjb5plsr
107,Palestine,1993,https://olympics.com/ioc/palestine,https://img.olympics.com/images/image/private/t_fit_130x72/f_auto/primary/yiswvlyzhua8nzefhhfa
108,Panama,1947,https://olympics.com/ioc/panama,https://img.olympics.com/images/image/private/t_fit_130x72/f_auto/primary/tiugedm2cmguytoqkl5y
109,Papua New Guinea,1974,https://olympics.com/ioc/papua-new-guinea,https://img.olympics.com/images/image/private/t_fit_130x72/f_auto/primary/ihrjcug1ipo2tp3z44os
110,Paraguay,1970,https://olympics.com/ioc/paraguay,https://img.olympics.com/images/image/private/t_fit_130x72/f_auto/primary/wuvhrjhrzrc1hdflaigu
111,Peru,1936,https://olympics.com/ioc/peru,https://img.olympics.com/images/image/private/t_fit_130x72/f_auto/primary/jvccsjqarvmicrzmw30l
112,Philippines,1929,https://olympics.com/ioc/philippines,https://img.olympics.com/images/image/private/t_fit_130x72/f_auto/primary/hvgjhqenvsbzmfabrbpl
113,Poland,1919,https://olympics.com/ioc/poland,https://img.olympics.com/images/image/private/t_fit_130x72/f_auto/primary/sdfh70mgx35qfpvnmaom
114,Portugal,1909,https://olympics.com/ioc/portugal,https://img.olympics.com/images/image/private/t_fit_130x72/f_auto/primary/mcov8s6l4l3ej13e8hx3
115,Puerto Rico,1948,https://olympics.com/ioc/puerto-rico,https://img.olympics.com/images/image/private/t_fit_130x72/f_auto/primary/egfexlej6bcivwuz6o1z
116,Qatar,1980,https://olympics.com/ioc/qatar,https://img.olympics.com/images/image/private/t_fit_130x72/f_auto/primary/tvhdh8p3aungwjvl4frb
117,Republic of Korea,1947,https://olympics.com/ioc/republic-of-korea,https://img.olympics.com/images/image/private/t_fit_130x72/f_auto/primary/aiu30scylibu1uersz9k
118,Republic of Moldova,1993,https://olympics.com/ioc/republic-of-moldova,https://img.olympics.com/images/image/private/t_fit_130x72/f_auto/primary/ktjpgqkuyaw1jeprioyo
119,Romania,1914,https://olympics.com/ioc/romania,https://img.olympics.com/images/image/private/t_fit_130x72/f_auto/primary/vyotfco5xxpptvqcanuw
120,Rwanda,1984,https://olympics.com/ioc/rwanda,https://img.olympics.com/images/image/private/t_fit_130x72/f_auto/primary/fltor6eztye9dfqhxnva
121,Saint Kitts and Nevis,1993,https://olympics.com/ioc/saint-kitts-and-nevis,https://img.olympics.com/images/image/private/t_fit_130x72/f_auto/primary/zh0gf4nhqbfbl8x73iuk
122,Saint Lucia,1993,https://olympics.com/ioc/saint-lucia,https://img.olympics.com/images/image/private/t_fit_130x72/f_auto/primary/xldzydtycroljrfw6d44
123,Samoa,1983,https://olympics.com/ioc/samoa,https://img.olympics.com/images/image/private/t_fit_130x72/f_auto/primary/u0hxvrshg3rzaoovuwrf
124,San Marino,1959,https://olympics.com/ioc/san-marino,https://img.olympics.com/images/image/private/t_fit_130x72/f_auto/primary/d9e281ln8by1ao1ape3n
125,Sao Tome and Principe,1993,https://olympics.com/ioc/sao-tome-and-principe,https://img.olympics.com/images/image/private/t_fit_130x72/f_auto/primary/bo9mnjwfm0cmvxuakpvg
126,Saudi Arabia,1965,https://olympics.com/ioc/saudi-arabia,https://img.olympics.com/images/image/private/t_fit_130x72/f_auto/primary/ungueukx1vdnvfp91q7h
127,Senegal,1963,https://olympics.com/ioc/senegal,https://img.olympics.com/images/image/private/t_fit_130x72/f_auto/primary/txuv1prrknh3pi7c6iis
128,New Zealand,1919,https://olympics.com/ioc/new-zealand,https://img.olympics.com/images/image/private/t_fit_130x72/f_auto/primary/j11ovcmlg0w1kmzndg4d
129,Nicaragua,1959,https://olympics.com/ioc/nicaragua,https://img.olympics.com/images/image/private/t_fit_130x72/f_auto/primary/ycdmo92j3oauvm0hmrp8
130,Serbia,1912,https://olympics.com/ioc/serbia,https://img.olympics.com/images/image/private/t_fit_130x72/f_auto/primary/x6tgfrt5bobh6q0rhfbf
131,Seychelles,1979,https://olympics.com/ioc/seychelles,https://img.olympics.com/images/image/private/t_fit_130x72/f_auto/primary/i4wz4vdhbvzqn6dj706i
132,Sierra Leone,1964,https://olympics.com/ioc/sierra-leone,https://img.olympics.com/images/image/private/t_fit_130x72/f_auto/primary/pcpo4dfofgi7pyahyjvd
133,Singapore,1948,https://olympics.com/ioc/singapore,https://img.olympics.com/images/image/private/t_fit_130x72/f_auto/primary/tvnk1ut6uyjfgwwufxz1
134,Slovakia,1993,https://olympics.com/ioc/slovakia,https://img.olympics.com/images/image/private/t_fit_130x72/f_auto/primary/tycijst1fzkmqwqa5tiy
135,Slovenia,1993,https://olympics.com/ioc/slovenia,https://img.olympics.com/images/image/private/t_fit_130x72/f_auto/primary/d34w4o0ubplompdsafqe
136,Somalia,1972,https://olympics.com/ioc/somalia,https://img.olympics.com/images/image/private/t_fit_130x72/f_auto/primary/lmu3ijx7ojul40jflanf
137,South Africa,1991,https://olympics.com/ioc/south-africa,https://img.olympics.com/images/image/private/t_fit_130x72/f_auto/primary/ddudubpqulmgjb6iacju
138,South Sudan,2015,https://olympics.com/ioc/south-sudan,https://img.olympics.com/images/image/private/t_fit_130x72/f_auto/primary/v3sfxmiqxa4lkwr6mkwd
139,Spain,1912,https://olympics.com/ioc/spain,https://img.olympics.com/images/image/private/t_fit_130x72/f_auto/primary/si0nud9r4forznngjavp
140,Sri Lanka,1937,https://olympics.com/ioc/sri-lanka,https://img.olympics.com/images/image/private/t_fit_130x72/f_auto/primary/a49duxqy7wlgstncxpv9
141,St Vincent and the Grenadines,1987,https://olympics.com/ioc/st-vincent-and-the-grenadines,https://img.olympics.com/images/image/private/t_fit_130x72/f_auto/primary/vccacfa8izijadqcvfsd
142,Sudan,1959,https://olympics.com/ioc/sudan,https://img.olympics.com/images/image/private/t_fit_130x72/f_auto/primary/u6wabgfesoark1ialaqr
143,Suriname,1959,https://olympics.com/ioc/suriname,https://img.olympics.com/images/image/private/t_fit_130x72/f_auto/primary/jocqkxqprcnsccwcmgzj
144,Sweden,1913,https://olympics.com/ioc/sweden,https://img.olympics.com/images/image/private/t_fit_130x72/f_auto/primary/ez9teuq5ztxphi5dpkeq
145,Switzerland,1912,https://olympics.com/ioc/switzerland,https://img.olympics.com/images/image/private/t_fit_130x72/f_auto/primary/yzsreoznrldvtvqmgntg
146,Syrian Arab Republic,1948,https://olympics.com/ioc/syrian-arab-republic,https://img.olympics.com/images/image/private/t_fit_130x72/f_auto/primary/mausujz0h1jkeplwv71f
147,Tajikistan,1993,https://olympics.com/ioc/tajikistan,https://img.olympics.com/images/image/private/t_fit_130x72/f_auto/primary/gslxqvbeynjfbnlowvg0
148,Thailand,1950,https://olympics.com/ioc/thailand,https://img.olympics.com/images/image/private/t_fit_130x72/f_auto/primary/ycdbn6j28keiejcipq1z
149,Timor-Leste,2003,https://olympics.com/ioc/timor-leste,https://img.olympics.com/images/image/private/t_fit_130x72/f_auto/primary/nsnys5sb3ybgl9392ebv
150,Togo,1965,https://olympics.com/ioc/togo,https://img.olympics.com/images/image/private/t_fit_130x72/f_auto/primary/s5kdoikvhxqqchjvdh1y
151,Tonga,1984,https://olympics.com/ioc/tonga,https://img.olympics.com/images/image/private/t_fit_130x72/f_auto/primary/tgzhiafnczw5xcme3b5i
152,Trinidad and Tobago,1947,https://olympics.com/ioc/trinidad-and-tobago,https://img.olympics.com/images/image/private/t_fit_130x72/f_auto/primary/nujopkfi6vdagvpozzns
153,Tunisia,1957,https://olympics.com/ioc/tunisia,https://img.olympics.com/images/image/private/t_fit_130x72/f_auto/primary/jippgsnrfalr44nnsyra
154,Türkiye,1911,https://olympics.com/ioc/turkiye,https://img.olympics.com/images/image/private/t_fit_130x72/f_auto/primary/j2e8q5jf3pfvzdipjlti
155,Turkmenistan,1993,https://olympics.com/ioc/turkmenistan,https://img.olympics.com/images/image/private/t_fit_130x72/f_auto/primary/yav9pekcoo53myfrzpbe
156,Tuvalu,2007,https://olympics.com/ioc/tuvalu,https://img.olympics.com/images/image/private/t_fit_130x72/f_auto/primary/prv9jit58hqx54ysisod
157,Uganda,1956,https://olympics.com/ioc/uganda,https://img.olympics.com/images/image/private/t_fit_130x72/f_auto/primary/ndhls9qrnw9ymslqb6nr
158,Ukraine,1993,https://olympics.com/ioc/ukraine,https://img.olympics.com/images/image/private/t_fit_130x72/f_auto/primary/fq862wbuj41ffkwdeog6
159,United Arab Emirates,1980,https://olympics.com/ioc/united-arab-emirates,https://img.olympics.com/images/image/private/t_fit_130x72/f_auto/primary/qph3lzhwuwdj2mznxdrs
160,United Republic of Tanzania,1968,https://olympics.com/ioc/united-republic-of-tanzania,https://img.olympics.com/images/image/private/t_fit_130x72/f_auto/primary/ifalxkguke2sjjhfg3rw
161,United States of America,1894,https://olympics.com/ioc/united-states-of-america,https://img.olympics.com/images/image/private/t_fit_130x72/f_auto/primary/wwbnauwdbhcgxwjd6xmm
162,Uruguay,1923,https://olympics.com/ioc/uruguay,https://img.olympics.com/images/image/private/t_fit_130x72/f_auto/primary/lgmrjynyolj7lhaetfhq
163,Uzbekistan,1993,https://olympics.com/ioc/uzbekistan,https://img.olympics.com/images/image/private/t_fit_130x72/f_auto/primary/lkqn7objd6um0deqtnfi
164,Vanuatu,1987,https://olympics.com/ioc/vanuatu,https://img.olympics.com/images/image/private/t_fit_130x72/f_auto/primary/bntxeysg8uvd3bsgfq9q
165,Venezuela,1935,https://olympics.com/ioc/venezuela,https://img.olympics.com/images/image/private/t_fit_130x72/f_auto/primary/okmqktb4qlgc9qt7svab
166,Vietnam,1979,https://olympics.com/ioc/vietnam,https://img.olympics.com/images/image/private/t_fit_130x72/f_auto/primary/gejw57xdlb7k3at2mtxq
167,Virgin Islands British,1982,https://olympics.com/ioc/virgin-islands-british,https://img.olympics.com/images/image/private/t_fit_130x72/f_auto/primary/ilo7drgkm64fasaneuwv
168,"Virgin Islands, US",1967,https://olympics.com/ioc/virgin-islands-us,https://img.olympics.com/images/image/private/t_fit_130x72/f_auto/primary/guu9u5lfmscyuffvdfn2
169,Algeria,1964,https://olympics.com/ioc/algeria,https://img.olympics.com/images/image/private/t_fit_130x72/f_auto/primary/vgsmsrjjhquoqxher4b1
170,American Samoa,1987,https://olympics.com/ioc/american-samoa,https://img.olympics.com/images/image/private/t_fit_130x72/f_auto/primary/n0moar3asqubo2oontuf
171,Andorra,1975,https://olympics.com/ioc/andorra,https://img.olympics.com/images/image/private/t_fit_130x72/f_auto/primary/fvabdm4kgcimjkvtxrp0
172,Angola,1980,https://olympics.com/ioc/angola,https://img.olympics.com/images/image/private/t_fit_130x72/f_auto/primary/nnoohaeh7ey70uugwyay
173,Antigua and Barbuda,1976,https://olympics.com/ioc/antigua-and-barbuda,https://img.olympics.com/images/image/private/t_fit_130x72/f_auto/primary/e2vklxgnmdhgl8ajhqa3
174,Argentina,1923,https://olympics.com/ioc/argentina,https://img.olympics.com/images/image/private/t_fit_130x72/f_auto/primary/irm9jnlfiuffx0exq487
175,Yemen,1981,https://olympics.com/ioc/yemen,https://img.olympics.com/images/image/private/t_fit_130x72/f_auto/primary/hujitpi0wzhoqzirvep6
176,Zambia,1963,https://olympics.com/ioc/zambia,https://img.olympics.com/images/image/private/t_fit_130x72/f_auto/primary/hvy1hi0dl88f4fgirips
177,Zimbabwe,1980,https://olympics.com/ioc/zimbabwe,https://img.olympics.com/images/image/private/t_fit_130x72/f_auto/primary/welnbk4nhdj0dwsvgawf
178,Belarus,1993,https://olympics.com/ioc/boc,https://img.olympics.com/images/image/private/t_fit_130x72/f_auto/primary/cz18t81frpknw7nhuu5h
179,Republic of the Congo,1964,https://olympics.com/ioc/congo,https://img.olympics.com/images/image/private/t_fit_130x72/f_auto/primary/ogikpumtbwgkie8keexk
180,United Kingdom,1905,https://olympics.com/ioc/great-britain,https://img.olympics.com/images/image/private/t_fit_130x72/f_auto/primary/hvo6hrsi5jgsoxqgyqwd
181,China,1979,https://olympics.com/ioc/people-s-republic-of-china,https://img.olympics.com/images/image/private/t_fit_130x72/f_auto/primary/hzjjdeowt6oh67nmspjk
182,Russia,1993,https://olympics.com/ioc/roc,https://img.olympics.com/images/image/private/t_fit_130x72/f_auto/primary/xxetqkchmwnfipz6cgft
183,Burundi,1993,https://olympics.com/ioc/burundi,https://img.olympics.com/images/image/private/t_fit_130x72/f_auto/primary/xgkkanwebb40t6dtw9ax
184,Armenia,1993,https://olympics.com/ioc/armenia,https://img.olympics.com/images/image/private/t_fit_130x72/f_auto/primary/eewtav8dbld4hj4kydxc
185,Aruba,1986,https://olympics.com/ioc/aruba,https://img.olympics.com/images/image/private/t_fit_130x72/f_auto/primary/mo1sehdxuauunzfbimai
186,Australia,1895,https://olympics.com/ioc/australia,https://img.olympics.com/images/image/private/t_fit_130x72/f_auto/primary/bsw5tjzfhrgrveagjmj1
187,Austria,1912,https://olympics.com/ioc/austria,https://img.olympics.com/images/image/private/t_fit_130x72/f_auto/primary/thetharzpuelvnwu7yjf
188,Azerbaijan,1993,https://olympics.com/ioc/azerbaijan,https://img.olympics.com/images/image/private/t_fit_130x72/f_auto/primary/dqwes1hineclsaayxkrn
189,Bahamas,1952,https://olympics.com/ioc/bahamas,https://img.olympics.com/images/image/private/t_fit_130x72/f_auto/primary/qx2g44qs8jzwevonr4db
190,Bahrain,1979,https://olympics.com/ioc/bahrain,https://img.olympics.com/images/image/private/t_fit_130x72/f_auto/primary/vi51nyuthcpe1l23r1t7
191,Bangladesh,1980,https://olympics.com/ioc/bangladesh,https://img.olympics.com/images/image/private/t_fit_130x72/f_auto/primary/kahzxouhnisvcc1kge5b
192,Barbados,1955,https://olympics.com/ioc/barbados,https://img.olympics.com/images/image/private/t_fit_130x72/f_auto/primary/x2ure8or5n3xjg4sc6tu
193,Belgium,1906,https://olympics.com/ioc/belgium,https://img.olympics.com/images/image/private/t_fit_130x72/f_auto/primary/gvs5jgbmcgzsuzrdyutm
194,Belize,1968,https://olympics.com/ioc/belize,https://img.olympics.com/images/image/private/t_fit_130x72/f_auto/primary/iuvnepewzc2qgtpzgt5l
195,Benin,1962,https://olympics.com/ioc/benin,https://img.olympics.com/images/image/private/t_fit_130x72/f_auto/primary/sq5z1vyj5dw7dqpvzzxf
196,Bermuda,1936,https://olympics.com/ioc/bermuda,https://img.olympics.com/images/image/private/t_fit_130x72/f_auto/primary/emfuvvkrwlcit57pazza
197,Bhutan,1983,https://olympics.com/ioc/bhutan,https://img.olympics.com/images/image/private/t_fit_130x72/f_auto/primary/fp1nkrxozm0zvbic74oo
198,Bolivia,1936,https://olympics.com/ioc/bolivia,https://img.olympics.com/images/image/private/t_fit_130x72/f_auto/primary/u6aybyo42wdwrd62lsjc
199,Bosnia and Herzegovina,1993,https://olympics.com/ioc/bosnia-and-herzegovina,https://img.olympics.com/images/image/private/t_fit_130x72/f_auto/primary/kiexhnylgi73jmedmka1
200,Botswana,1980,https://olympics.com/ioc/botswana,https://img.olympics.com/images/image/private/t_fit_130x72/f_auto/primary/regbe1ztqrsq0zul9pkj
201,Brazil,1935,https://olympics.com/ioc/brazil,https://img.olympics.com/images/image/private/t_fit_130x72/f_auto/primary/p8j6azeefafh03ncacfv
202,Brunei Darussalam,1984,https://olympics.com/ioc/brunei-darussalam,https://img.olympics.com/images/image/private/t_fit_130x72/f_auto/primary/wfqbjspqnzwkq07sa550
203,Bulgaria,1924,https://olympics.com/ioc/bulgaria,https://img.olympics.com/images/image/private/t_fit_130x72/f_auto/primary/p5zy6rztha7gdmfjwiow
204,Burkina Faso,1972,https://olympics.com/ioc/burkina-faso,https://img.olympics.com/images/image/private/t_fit_130x72/f_auto/primary/ceiuvvtr9di9xxpm2qgs
205,Solomon Islands,1983,https://olympics.com/ioc/solomon-islands,https://img.olympics.com/images/image/private/t_fit_130x72/f_auto/primary/cpm0mtgztv4xn6vehdia
